COG,ACTUAL,CAPAY,CRPAY,ANI,LIBCOG,norm_name,LIBENR,ANCNOM,CODEISO2,CODEISO3,CODENUM3,longitude,latitude
99101,1,,,,DANEMARK,danemark,ROYAUME DU DANEMARK,,DK,DNK,208,10,56
99102,1,,,1944,ISLANDE,islande,RÉPUBLIQUE D'ISLANDE,,IS,ISL,352,-18,65
99103,1,,,,NORVEGE,norvege,ROYAUME DE NORVÈGE,,NO,NOR,578,10,62
99104,1,,,,SUEDE,suede,ROYAUME DE SUÈDE,,SE,SWE,752,15,62
99105,1,,,,FINLANDE,finlande,RÉPUBLIQUE DE FINLANDE,,FI,FIN,246,26,64
99106,1,99123,,1991,ESTONIE,estonie,RÉPUBLIQUE D'ESTONIE,,EE,EST,233,26,59
99107,1,99123,,1991,LETTONIE,lettonie,RÉPUBLIQUE DE LETTONIE,,LV,LVA,428,25,57
99108,1,99123,,1991,LITUANIE,lituanie,RÉPUBLIQUE DE LITUANIE,,LT,LTU,440,24,56
99109,1,,,1990,ALLEMAGNE,allemagne,RÉPUBLIQUE FÉDÉRALE D'ALLEMAGNE,,DE,DEU,276,9,51
99110,1,,,,AUTRICHE,autriche,RÉPUBLIQUE D'AUTRICHE,,AT,AUT,040,13.3333,47.3333
99111,1,,,,BULGARIE,bulgarie,RÉPUBLIQUE DE BULGARIE,,BG,BGR,100,25,43
99112,1,,,,HONGRIE,hongrie,RÉPUBLIQUE DE HONGRIE,,HU,HUN,348,20,47
99113,1,,,,LIECHTENSTEIN,liechtenstein,PRINCIPAUTÉ DE LIECHTENSTEIN,,LI,LIE,438,9.5333,47.1667
99114,1,,,,ROUMANIE,roumanie,ROUMANIE,,RO,ROU,642,25,46
99115,2,,,,TCHECOSLOVAQUIE,tchecoslovaquie,TCHÉCOSLOVAQUIE,,,,,,
99116,1,99115,,1992,TCHEQUE (REPUBLIQUE),tcheque,RÉPUBLIQUE TCHÈQUE,,CZ,CZE,203,15.5,49.75
99117,1,99115,,1992,SLOVAQUIE,slovaquie,RÉPUBLIQUE SLOVAQUE,,SK,SVK,703,19.5,48.6667
99118,1,99121,,1992,BOSNIE-HERZEGOVINE,bosnie herzegovine,RÉPUBLIQUE DE BOSNIE-HERZÉGOVINE,,BA,BIH,070,18,44
99119,1,99121,,1991,CROATIE,croatie,RÉPUBLIQUE DE CROATIE,,HR,HRV,191,15.5,45.1667
99120,1,99121,,2006,MONTENEGRO,montenegro,RÉPUBLIQUE DU MONTÉNÉGRO,SERBIE-ET-MONTENEGRO,ME,MNE,499,19,42
99121,1,,,2006,SERBIE,serbie,RÉPUBLIQUE DE SERBIE,SERBIE-ET-MONTENEGRO,RS,SRB,688,21,44
99122,1,,,,POLOGNE,pologne,RÉPUBLIQUE DE POLOGNE,,PL,POL,616,20,52
99123,1,,,1991,RUSSIE,russie,FÉDÉRATION DE RUSSIE,U.R.S.S.,RU,RUS,643,100,60
99124,2,,99208,,TURQUIE D'EUROPE,turquie europe,TURQUIE D'EUROPE,,,,,,
99125,1,,,,ALBANIE,albanie,RÉPUBLIQUE D'ALBANIE,,AL,ALB,008,20,41
99126,1,,,,GRECE,grece,RÉPUBLIQUE HELLÉNIQUE,,GR,GRC,300,22,39
99127,1,,,,ITALIE,italie,RÉPUBLIQUE ITALIENNE,,IT,ITA,380,12.8333,42.8333
99128,1,,,,SAINT-MARIN,saint marin,RÉPUBLIQUE DE SAINT-MARIN,,SM,SMR,674,12.4167,43.7667
99129,1,,,,"VATICAN, ou SAINT-SIEGE",vatican saint siege,ÉTAT DE LA CITÉ DU VATICAN,,VA,VAT,336,12.45,41.9
99130,1,,,,ANDORRE,andorre,PRINCIPAUTÉ D'ANDORRE,,AD,AND,020,1.6,42.5
99131,1,,,,BELGIQUE,belgique,ROYAUME DE BELGIQUE,,BE,BEL,056,4,50.8333
99132,1,,,,ROYAUME-UNI,royaume uni,ROYAUME-UNI DE GRANDE-BRETAGNE ET D'IRLANDE DU NORD,,GB,GBR,826,-2,54
99133,4,,99132,,GIBRALTAR,gibraltar,GIBRALTAR,,GI,GIB,292,-5.3667,36.1833
99134,1,,,,ESPAGNE,espagne,ROYAUME D'ESPAGNE,,ES,ESP,724,-4,40
99135,1,,,,PAYS-BAS,pays bas,ROYAUME DES PAYS-BAS,HOLLANDE,NL,NLD,528,5.75,52.5
99136,1,,,,"IRLANDE, ou EIRE",irlande eire,IRLANDE,,IE,IRL,372,-8,53
99137,1,,,,LUXEMBOURG,luxembourg,GRAND-DUCHÉ DE LUXEMBOURG,,LU,LUX,442,6.1667,49.75
99138,1,,,,MONACO,monaco,PRINCIPAUTÉ DE MONACO,,MC,MCO,492,7.4,43.7333
99139,1,,,,PORTUGAL,portugal,RÉPUBLIQUE PORTUGAISE,,PT,PRT,620,-8,39.5
99140,1,,,,SUISSE,suisse,CONFÉDÉRATION SUISSE,,CH,CHE,756,8,47
99141,2,,99109,,REPUBLIQUE DEMOCRATIQUE ALLEMANDE,republique democratique allemande,RÉPUBLIQUE DÉMOCRATIQUE ALLEMANDE,,,,,,
99142,2,,99109,,REPUBLIQUE FEDERALE D'ALLEMAGNE,republique federale allemagne,RÉPUBLIQUE FÉDÉRALE D'ALLEMAGNE,,,,,,
99144,1,99133,,1964,MALTE,malte,RÉPUBLIQUE DE MALTE,,MT,MLT,470,14.5833,35.8333
99145,1,99121,,1991,SLOVENIE,slovenie,RÉPUBLIQUE DE SLOVÉNIE,,SI,SVN,705,15,46
99148,1,99123,,1991,BIELORUSSIE,bielorussie,RÉPUBLIQUE DE BIÉLORUSSIE,,BY,BLR,112,28,53
99151,1,99123,,1991,MOLDAVIE,moldavie,RÉPUBLIQUE DE MOLDAVIE,,MD,MDA,498,29,47
99155,1,99123,,1991,UKRAINE,ukraine,UKRAINE,,UA,UKR,804,32,49
99156,1,99121,,1993,EX-REPUBLIQUE YOUGOSLAVE DE MACEDOINE,ex republique yougoslave macedoine,EX-RÉPUBLIQUE YOUGOSLAVE DE MACÉDOINE,,MK,MKD,807,22,41.8333
99157,1,99121,,2008,KOSOVO,kosovo,RÉPUBLIQUE DU KOSOVO,SERBIE,XK,,,,
99201,1,,,,ARABIE SAOUDITE,arabie saoudite,ROYAUME D'ARABIE SAOUDITE,,SA,SAU,682,45,25
99202,2,,99251,,YEMEN (REPUBLIQUE ARABE DU),yemen,YÉMEN (RÉPUBLIQUE ARABE DU),,,,,,
99203,1,,,,IRAQ,iraq,RÉPUBLIQUE D'IRAQ,,IQ,IRQ,368,44,33
99204,1,,,,IRAN,iran,RÉPUBLIQUE ISLAMIQUE D'IRAN,PERSE,IR,IRN,364,53,32
99205,1,,,1943,LIBAN,liban,RÉPUBLIQUE LIBANAISE,,LB,LBN,422,35.8333,33.8333
99206,1,,,1944,SYRIE,syrie,RÉPUBLIQUE ARABE SYRIENNE,,SY,SYR,760,38,35
99207,1,,,1948,ISRAEL,israel,ÉTAT D'ISRAËL,,IL,ISR,376,34.75,31.5
99208,1,,,,TURQUIE,turquie,RÉPUBLIQUE TURQUE,,TR,TUR,792,35,39
99209,2,,99123,,SIBERIE,siberie,SIBÉRIE,,,,,,
99210,2,,99123,,TURKESTAN RUSSE,turkestan russe,TURKESTAN RUSSE,,,,,,
99211,2,,99123,,KAMTCHATKA,kamtchatka,KAMTCHATKA,,,,,,
99212,1,,,,AFGHANISTAN,afghanistan,ÉTAT ISLAMIQUE D'AFGHANISTAN,,AF,AFG,004,65,33
99213,1,,,1947,PAKISTAN,pakistan,RÉPUBLIQUE ISLAMIQUE DU PAKISTAN,,PK,PAK,586,70,30
99214,1,,,,BHOUTAN,bhoutan,ROYAUME DU BHOUTAN,,BT,BTN,064,90.5,27.5
99215,1,,,,NEPAL,nepal,ROYAUME DU NÉPAL,,NP,NPL,524,84,28
99216,1,,,,CHINE,chine,RÉPUBLIQUE POPULAIRE DE CHINE,,CN,CHN,156,105,35
99217,1,,,,JAPON,japon,JAPON,,JP,JPN,392,138,36
99218,2,,99216,,MANDCHOURIE,mandchourie,MANDCHOURIE,MANDCHOUKOUO,,,,,
99219,1,,,,THAILANDE,thailande,ROYAUME DE THAÏLANDE,SIAM,TH,THA,764,100,15
99220,1,,,1946,PHILIPPINES,philippines,RÉPUBLIQUE DES PHILIPPINES,,PH,PHL,608,122,13
99221,2,,,,POSSESSIONS BRITANNIQUES AU PROCHE-ORIENT,possessions britanniques proche orient,POSSESSIONS BRITANNIQUES AU PROCHE-ORIENT,,,,,,
99222,1,,,1946,JORDANIE,jordanie,ROYAUME HACHÉMITE DE JORDANIE,TRANSJORDANIE,JO,JOR,400,36,31
99223,1,,,1947,INDE,inde,RÉPUBLIQUE DE L'INDE,,IN,IND,356,77,20
99224,1,,,1948,BIRMANIE,birmanie,UNION DE BIRMANIE,,MM,MMR,104,98,22
99225,1,,,1984,BRUNEI,brunei,NEGARA BRUNEI DARUSSALAM,BORNEO BRITANNIQUE,BN,BRN,096,114.6667,4.5
99226,1,,,1965,SINGAPOUR,singapour,RÉPUBLIQUE DE SINGAPOUR,ETABLS. DES DETROITS,SG,SGP,702,103.8,1.3667
99227,1,,,1957,MALAISIE,malaisie,MALAISIE,,MY,MYS,458,112.5,2.5
99228,2,,99227,,ETATS MALAIS NON FEDERES,etats malais non federes,ÉTATS MALAIS NON FÉDÉRÉS,,,,,,
99229,1,,,1965,MALDIVES,maldives,RÉPUBLIQUE DES MALDIVES,ILES MALDIVES,MV,MDV,462,73,3.25
99230,2,99132,99216,,HONG-KONG,hong kong,HONG-KONG,,HK,,,,
99231,1,,,1945,INDONESIE,indonesie,RÉPUBLIQUE D'INDONÉSIE,INDES NEER. ET PORT.,ID,IDN,360,120,-5
99232,2,99139,99216,,MACAO,macao,MACAO,,MO,,,,
99233,2,,99251,,YEMEN DEMOCRATIQUE,yemen democratique,YÉMEN DÉMOCRATIQUE,,,,,,
99234,1,98503,,1953,CAMBODGE,cambodge,ROYAUME DU CAMBODGE,KAMPUCHEA DEM.,KH,KHM,116,105,13
99235,1,99223,,1948,SRI LANKA,sri lanka,RÉPUBLIQUE DÉMOCRATIQUE SOCIALISTE DU SRI LANKA,CEYLAN,LK,LKA,144,81,7
99236,4,99217,,1945,TAIWAN,taiwan,TAÏWAN,FORMOSE,TW,TWN,158,121,23.5
99237,2,99217,,,COREE,coree,CORÉE,,,,,,
99238,1,99237,,1953,COREE (REPUBLIQUE POPULAIRE DEMOCRATIQUE DE),coree,RÉPUBLIQUE POPULAIRE DÉMOCRATIQUE DE CORÉE,,KP,PRK,408,127,40
99239,1,99237,,1945,COREE (REPUBLIQUE DE),coree,RÉPUBLIQUE DE CORÉE,,KR,KOR,410,127.5,37
99240,1,99221,,1961,KOWEIT,koweit,ÉTAT DU KOWEÏT,,KW,KWT,414,47.6581,29.3375
99241,1,98505,,1949,LAOS,laos,RÉPUBLIQUE DÉMOCRATIQUE POPULAIRE LAO,,LA,LAO,418,105,18
99242,1,99216,,1945,MONGOLIE,mongolie,MONGOLIE,MONGOLIE EXTERIEURE,MN,MNG,496,105,46
99243,1,,,1976,VIET NAM,viet nam,RÉPUBLIQUE SOCIALISTE DU VIÊT NAM,,VN,VNM,704,106,16
99244,2,98506,99243,1954,VIET NAM DU NORD,viet nam nord,VIÊT NAM DU NORD,"TONKIN, ANNAM N.",,,,,
99245,2,XXXXX,99243,1954,VIET NAM DU SUD,viet nam sud,VIÊT NAM DU SUD,"ANNAM S.,COCHINCHINE",,,,,
99246,1,99213,,1972,BANGLADESH,bangladesh,RÉPUBLIQUE POPULAIRE DU BANGLADESH,PAKISTAN ORIENTAL,BD,BGD,050,90,24
99247,1,99221,,1971,EMIRATS ARABES UNIS,emirats arabes unis,ÉMIRATS ARABES UNIS,,AE,ARE,784,54,24
99248,1,99221,,1971,QATAR,qatar,ÉTAT DU QATAR,,QA,QAT,634,51.25,25.5
99249,1,99221,,1971,BAHREIN,bahrein,ÉTAT DE BAHREÏN,,BH,BHR,048,50.55,26
99250,1,99221,,1971,OMAN,oman,SULTANAT D'OMAN,MASCATE-ET-OMAN,OM,OMN,512,57,21
99251,1,,,1990,YEMEN,yemen,RÉPUBLIQUE DU YÉMEN,,YE,YEM,887,48,15
99252,1,99123,,1991,ARMENIE,armenie,RÉPUBLIQUE D'ARMÉNIE,,AM,ARM,051,45,40
99253,1,99123,,1991,AZERBAIDJAN,azerbaidjan,RÉPUBLIQUE AZERBAÏDJANAISE,,AZ,AZE,031,47.5,40.5
99254,1,99143,,1960,CHYPRE,chypre,RÉPUBLIQUE DE CHYPRE,,CY,CYP,196,33,35
99255,1,99123,,1991,GEORGIE,georgie,RÉPUBLIQUE DE GÉORGIE,,GE,GEO,268,43.5,42
99256,1,99123,,1991,KAZAKHSTAN,kazakhstan,RÉPUBLIQUE DU KAZAKHSTAN,,KZ,KAZ,398,68,48
99257,1,99123,,1991,KIRGHIZISTAN,kirghizistan,RÉPUBLIQUE KIRGHIZE,,KG,KGZ,417,75,41
99258,1,99123,,1991,OUZBEKISTAN,ouzbekistan,RÉPUBLIQUE D'OUZBÉKISTAN,,UZ,UZB,860,64,41
99259,1,99123,,1991,TADJIKISTAN,tadjikistan,RÉPUBLIQUE DU TADJIKISTAN,,TJ,TJK,762,71,39
99260,1,99123,,1991,TURKMENISTAN,turkmenistan,TURKMÉNISTAN,,TM,TKM,795,60,40
99261,1,99207,,,PALESTINE (Etat de),palestine,ÉTAT DE PALESTINE,PALESTINE (Territoire de),PS,PSE,275,35.25,32
99262,1,99231,,2002,TIMOR ORIENTAL,timor oriental,RÉPUBLIQUE DÉMOCRATIQUE DU TIMOR ORIENTAL,,TL,TLS,626,125.5167,-8.55
99301,1,,,,EGYPTE,egypte,RÉPUBLIQUE ARABE D'ÉGYPTE,,EG,EGY,818,30,27
99302,1,,,,LIBERIA,liberia,RÉPUBLIQUE DU LIBERIA,,LR,LBR,430,-9.5,6.5
99303,1,,,,AFRIQUE DU SUD,afrique sud,RÉPUBLIQUE D'AFRIQUE DU SUD,UNION SUD-AFRICAINE,ZA,ZAF,710,24,-29
99304,1,,,1965,GAMBIE,gambie,RÉPUBLIQUE DE GAMBIE,,GM,GMB,270,-16.5667,13.4667
99305,2,,,,CAMEROUN ET TOGO,cameroun togo,CAMEROUN ET TOGO,,,,,,
99306,4,,99132,,"SAINTE HELENE, ASCENSION ET TRISTAN DA CUNHA",sainte helene ascension tristan da cunha,"SAINTE-HÉLÈNE, ASCENSION ET TRISTAN DA CUNHA",SAINTE HELENE,SH,SHN,654,-5.7,-15.9333
99307,2,,,,"SOUDAN ANGLO-EGYPTIEN, KENYA, OUGANDA",soudan anglo egyptien kenya ouganda,"SOUDAN ANGLO-ÉGYPTIEN, KENYA, OUGANDA",,,,,,
99308,2,,99309,,ZANZIBAR,zanzibar,ZANZIBAR,,,,,,
99309,1,,,1961,TANZANIE,tanzanie,RÉPUBLIQUE UNIE DE TANZANIE,"TANGANYIKA, ZANZIBAR",TZ,TZA,834,35,-6
99310,1,,,1980,ZIMBABWE,zimbabwe,RÉPUBLIQUE DU ZIMBABWE,RHODESIE DU SUD,ZW,ZWE,716,30,-20
99311,1,,,1990,NAMIBIE,namibie,RÉPUBLIQUE DE NAMIBIE,SUD-OUEST AFRICAIN,NA,NAM,516,17,-22
99312,1,,,1960,CONGO (REPUBLIQUE DEMOCRATIQUE),congo,RÉPUBLIQUE DÉMOCRATIQUE DU CONGO,ZAIRE,CD,COD,180,25,0
99313,4,,99134,,PROVINCES ESPAGNOLES D'AFRIQUE,provinces espagnoles afrique,PROVINCES ESPAGNOLES D'AFRIQUE,,,,,,
99314,1,,,1968,GUINEE EQUATORIALE,guinee equatoriale,RÉPUBLIQUE DE GUINÉE ÉQUATORIALE,GUINEE ESPAGNOLE,GQ,GNQ,226,10,2
99315,1,,,,ETHIOPIE,ethiopie,RÉPUBLIQUE DÉMOCRATIQUE FÉDÉRALE D'ÉTHIOPIE,ABYSSINIE,ET,ETH,231,38,8
99316,1,,,1951,LIBYE,libye,JAMAHIRIYA ARABE LIBYENNE POPULAIRE ET SOCIALISTE,CYRENAIQUE,LY,LBY,434,17,25
99317,1,99315,,1993,ERYTHREE,erythree,ÉTAT D'ÉRYTHRÉE,,ER,ERI,232,39,15
99318,1,99308,,1951,SOMALIE,somalie,SOMALIE,,SO,SOM,706,49,10
99319,4,,99139,,"ACORES, MADERE",acores madere,"AÇORES, MADÈRE",,,,,,
99320,2,,,,ILES PORTUGAISES DE L'OCEAN INDIEN,iles portugaises ocean indien,ÎLES PORTUGAISES DE L'OCÉAN INDIEN,,,,,,
99321,1,99312,,1962,BURUNDI,burundi,RÉPUBLIQUE DU BURUNDI,URUNDI,BI,BDI,108,30,-3.5
99322,1,99305,,1961,CAMEROUN,cameroun,RÉPUBLIQUE DU CAMEROUN,,CM,CMR,120,12,6
99323,1,98303,,1960,CENTRAFRICAINE (REPUBLIQUE),centrafricaine,RÉPUBLIQUE CENTRAFRICAINE,OUBANGUI-CHARI,CF,CAF,140,21,7
99324,1,98302,,1960,CONGO,congo,RÉPUBLIQUE DU CONGO,CONGO-BRAZZAVILLE,CG,COG,178,15,-1
99325,2,,99350,,TANGER,tanger,TANGER,,,,,,
99326,1,98204,,1960,COTE D'IVOIRE,cote ivoire,RÉPUBLIQUE DE CÔTE D'IVOIRE,,CI,CIV,384,-5,8
99327,1,98205,,1960,BENIN,benin,RÉPUBLIQUE DU BÉNIN,DAHOMEY,BJ,BEN,204,2.25,9.5
99328,1,98301,,1960,GABON,gabon,RÉPUBLIQUE GABONAISE,,GA,GAB,266,11.75,-1
99329,1,99304,,1957,GHANA,ghana,RÉPUBLIQUE DU GHANA,COTE-DE-L'OR,GH,GHA,288,-2,8
99330,1,XXXXX,,1958,GUINEE,guinee,RÉPUBLIQUE DE GUINÉE,GUINEE FRANCAISE,GN,GIN,324,-10,11
99331,1,98209,,1960,BURKINA,burkina,BURKINA FASO,HAUTE-VOLTA,BF,BFA,854,-2,13
99332,1,99307,,1963,KENYA,kenya,RÉPUBLIQUE DU KENYA,,KE,KEN,404,38,1
99333,1,98401,,1960,MADAGASCAR,madagascar,RÉPUBLIQUE DE MADAGASCAR,,MG,MDG,450,47,-20
99334,1,99310,,1964,MALAWI,malawi,RÉPUBLIQUE DU MALAWI,NYASSALAND,MW,MWI,454,34,-13.5
99335,1,98206,,1960,MALI,mali,RÉPUBLIQUE DU MALI,SOUDAN FRANCAIS,ML,MLI,466,-4,17
99336,1,98201,,1960,MAURITANIE,mauritanie,RÉPUBLIQUE ISLAMIQUE DE MAURITANIE,,MR,MRT,478,-12,20
99337,1,98207,,1960,NIGER,niger,RÉPUBLIQUE DU NIGER,,NE,NER,562,8,16
99338,1,99304,,1960,NIGERIA,nigeria,RÉPUBLIQUE FÉDÉRALE DU NIGÉRIA,,NG,NGA,566,8,10
99339,1,99307,,1962,OUGANDA,ouganda,RÉPUBLIQUE DE L'OUGANDA,,UG,UGA,800,32,1
99340,1,99312,,1962,RWANDA,rwanda,RÉPUBLIQUE RWANDAISE,RUANDA,RW,RWA,646,30,-2
99341,1,98202,,1960,SENEGAL,senegal,RÉPUBLIQUE DU SÉNÉGAL,,SN,SEN,686,-14,14
99342,1,99304,,1961,SIERRA LEONE,sierra leone,RÉPUBLIQUE DE SIERRA LEONE,,SL,SLE,694,-11.5,8.5
99343,1,99307,,1956,SOUDAN,soudan,RÉPUBLIQUE DU SOUDAN,ANGLO-EGYPTIEN,SD,SDN,729,30,15
99344,1,98304,,1960,TCHAD,tchad,RÉPUBLIQUE DU TCHAD,,TD,TCD,148,19,15
99345,1,99305,,1960,TOGO,togo,RÉPUBLIQUE TOGOLAISE,,TG,TGO,768,1.1667,8
99346,1,99310,,1964,ZAMBIE,zambie,RÉPUBLIQUE DE ZAMBIE,RHODESIE DU NORD,ZM,ZMB,894,30,-15
99347,1,99310,,1966,BOTSWANA,botswana,RÉPUBLIQUE DU BOTSWANA,BECHUANALAND,BW,BWA,072,24,-22
99348,1,99310,,1966,LESOTHO,lesotho,ROYAUME DU LESOTHO,BASUTOLAND,LS,LSO,426,28.5,-29.5
99349,1,99343,,2011,SOUDAN DU SUD,soudan sud,RÉPUBLIQUE DU SOUDAN DU SUD,,SS,SSD,728,,
99350,1,XXXXX,,1956,MAROC,maroc,ROYAUME DU MAROC,,MA,MAR,504,-5,32
99351,1,XXXXX,,1956,TUNISIE,tunisie,RÉPUBLIQUE TUNISIENNE,,TN,TUN,788,9,34
99352,1,XXXXX,,1962,ALGERIE,algerie,RÉPUBLIQUE ALGÉRIENNE DÉMOCRATIQUE ET POPULAIRE,,DZ,DZA,012,3,28
99389,4,,,,SAHARA OCCIDENTAL,sahara occidental,SAHARA OCCIDENTAL,,EH,ESH,732,-13,24.5
99390,1,99308,,1968,MAURICE,maurice,RÉPUBLIQUE DE MAURICE,,MU,MUS,480,57.55,-20.2833
99391,1,99310,,1968,SWAZILAND,swaziland,ROYAUME DU SWAZILAND,,SZ,SWZ,748,31.5,-26.5
99392,1,99319,,1974,GUINEE-BISSAU,guinee bissau,RÉPUBLIQUE DE GUINÉE-BISSAU,GUINEE PORTUGAISE,GW,GNB,624,-15,12
99393,1,99320,,1975,MOZAMBIQUE,mozambique,RÉPUBLIQUE DU MOZAMBIQUE,,MZ,MOZ,508,35,-18.25
99394,1,99319,,1975,SAO TOME-ET-PRINCIPE,sao tome principe,RÉPUBLIQUE DÉMOCRATIQUE DE SAO TOMÉ-ET-PRINCIPE,,ST,STP,678,7,1
99395,1,99319,,1975,ANGOLA,angola,RÉPUBLIQUE D'ANGOLA,,AO,AGO,024,18.5,-12.5
99396,1,99319,,1975,CAP-VERT,cap vert,RÉPUBLIQUE DU CAP-VERT,,CV,CPV,132,-24,16
99397,1,98402,,1975,COMORES,comores,RÉPUBLIQUE FÉDÉRALE ISLAMIQUE DES COMORES,,KM,COM,174,44.25,-12.1667
99398,1,99308,,1976,SEYCHELLES,seychelles,RÉPUBLIQUE DES SEYCHELLES,,SC,SYC,690,55.6667,-4.5833
99399,1,98406,,1977,DJIBOUTI,djibouti,RÉPUBLIQUE DE DJIBOUTI,T.F. AFARS ET ISSAS,DJ,DJI,262,43,11.5
99401,1,,,,CANADA,canada,CANADA,,CA,CAN,124,-95,60
99402,2,,99401,,TERRE-NEUVE,terre neuve,TERRE-NEUVE,,,,,,
99403,2,,99401,,LABRADOR,labrador,LABRADOR,,,,,,
99404,1,,,,ETATS-UNIS,etats unis,ÉTATS-UNIS D'AMÉRIQUE,,US,USA,840,-97,38
99405,1,,,,MEXIQUE,mexique,ÉTATS-UNIS DU MEXIQUE,,MX,MEX,484,-102,23
99406,1,,,,COSTA RICA,costa rica,RÉPUBLIQUE DU COSTA RICA,,CR,CRI,188,-84,10
99407,1,,,,CUBA,cuba,RÉPUBLIQUE DE CUBA,,CU,CUB,192,-80,21.5
99408,1,,,,DOMINICAINE (REPUBLIQUE),dominicaine,RÉPUBLIQUE DOMINICAINE,SAINT-DOMINGUE,DO,DOM,214,-70.6667,19
99409,1,,,,GUATEMALA,guatemala,RÉPUBLIQUE DU GUATEMALA,,GT,GTM,320,-90.25,15.5
99410,1,,,,HAITI,haiti,RÉPUBLIQUE D'HAÏTI,,HT,HTI,332,-72.4167,19
99411,1,,,,HONDURAS,honduras,RÉPUBLIQUE DU HONDURAS,,HN,HND,340,-86.5,15
99412,1,,,,NICARAGUA,nicaragua,RÉPUBLIQUE DU NICARAGUA,,NI,NIC,558,-85,13
99413,1,,,,PANAMA,panama,RÉPUBLIQUE DU PANAMA,,PA,PAN,591,-80,9
99414,1,,,,EL SALVADOR,el salvador,RÉPUBLIQUE DU SALVADOR,,SV,SLV,222,-88.9167,13.8333
99415,1,,,,ARGENTINE,argentine,RÉPUBLIQUE ARGENTINE,,AR,ARG,032,-64,-34
99416,1,,,,BRESIL,bresil,RÉPUBLIQUE FÉDÉRATIVE DU BRÉSIL,,BR,BRA,076,-55,-10
99417,1,,,,CHILI,chili,RÉPUBLIQUE DU CHILI,,CL,CHL,152,-71,-30
99418,1,,,,BOLIVIE,bolivie,ÉTAT PLURINATIONAL DE BOLIVIE,REPUBLIQUE DE BOLIVIE,BO,BOL,068,-65,-17
99419,1,,,,COLOMBIE,colombie,RÉPUBLIQUE DE COLOMBIE,,CO,COL,170,-72,4
99420,1,,,,EQUATEUR,equateur,RÉPUBLIQUE DE L'ÉQUATEUR,,EC,ECU,218,-77.5,-2
99421,1,,,,PARAGUAY,paraguay,RÉPUBLIQUE DU PARAGUAY,,PY,PRY,600,-58,-23
99422,1,,,,PEROU,perou,RÉPUBLIQUE DU PÉROU,,PE,PER,604,-76,-10
99423,1,,,,URUGUAY,uruguay,RÉPUBLIQUE ORIENTALE DE L'URUGUAY,,UY,URY,858,-56,-33
99424,1,,,,VENEZUELA,venezuela,RÉPUBLIQUE BOLIVARIENNE DU VENEZUELA,REPUBLIQUE DU VENEZUELA,VE,VEN,862,-66,8
99425,4,,99132,,TERRITOIRES DU ROYAUME-UNI AUX ANTILLES,territoires royaume uni antilles,TERRITOIRES DU ROYAUME-UNI AUX ANTILLES,,,,,,
99426,1,,,1962,JAMAIQUE,jamaique,JAMAÏQUE,,JM,JAM,388,-77.5,18.25
99427,4,,99132,,TERR. DU ROYAUME-UNI DANS L'ATLANTIQUE SUD,terr royaume uni atlantique sud,TERR. DU ROYAUME-UNI DANS L'ATLANTIQUE_SUD,,,,,,
99428,1,,,1966,GUYANA,guyana,RÉPUBLIQUE COOPÉRATIVE DE GUYANA,GUYANE BRITANNIQUE,GY,GUY,328,-59,5
99429,1,,,1981,BELIZE,belize,BELIZE,HONDURAS BRITANNIQUE,BZ,BLZ,084,-88.75,17.25
99430,4,,99101,,GROENLAND,groenland,GROENLAND,,GL,GRL,304,-40,72
99431,2,,99135,,ANTILLES NEERLANDAISES,antilles neerlandaises,ANTILLES NÉERLANDAISES,,AN,,,,
99432,4,,99404,,TERR. DES ETATS-UNIS D'AMERIQUE EN AMERIQUE,terr etats unis amerique amerique,TERR. DES ÉTATS-UNIS D'AMÉRIQUE EN AMÉRIQUE,,,,,,
99433,1,99426,,1962,TRINITE-ET-TOBAGO,trinite tobago,RÉPUBLIQUE DE TRINITÉ-ET-TOBAGO,,TT,TTO,780,-61,11
99434,1,99425,,1966,BARBADE,barbade,BARBADE,,BB,BRB,052,-59.5333,13.1667
99435,1,99425,,1974,GRENADE,grenade,GRENADE,,GD,GRD,308,-61.6667,12.1167
99436,1,99425,,1973,BAHAMAS,bahamas,COMMONWEALTH DES BAHAMAS,ILES  LUCAYES,BS,BHS,044,-76,24.25
99437,1,99431,,1975,SURINAME,suriname,RÉPUBLIQUE DU SURINAME,GUYANE NEERLANDAISE,SR,SUR,740,-56,4
99438,1,99425,,1978,DOMINIQUE,dominique,COMMONWEALTH DE DOMINIQUE,,DM,DMA,212,-61.3333,15.4167
99439,1,99425,,1979,SAINTE-LUCIE,sainte lucie,SAINTE-LUCIE,,LC,LCA,662,-61.1333,13.8833
99440,1,99425,,1979,SAINT-VINCENT-ET-LES GRENADINES,saint vincent grenadines,SAINT-VINCENT-ET-LES GRENADINES,,VC,VCT,670,-61.2,13.25
99441,1,99425,,1981,ANTIGUA-ET-BARBUDA,antigua barbuda,ANTIGUA-ET-BARBUDA,,AG,ATG,028,-61.8,17.05
99442,1,99425,,1983,SAINT-CHRISTOPHE-ET-NIEVES,saint christophe nieves,FÉDÉRATION DE SAINT-CHRISTOPHE-ET-NIÉVÈS,,KN,KNA,659,-62.75,17.3333
99443,1,99431,,2010,"BONAIRE, SAINT EUSTACHE ET SABA",bonaire saint eustache saba,"BONAIRE, SAINT EUSTACHE ET SABA",,BQ,BES,535,,
99444,1,99431,,2010,CURAÇAO,curacao,CURAÇAO,,CW,CUW,531,,
99445,1,99431,,2010,SAINT-MARTIN (PARTIE NEERLANDAISE),saint martin,SAINT-MARTIN (PARTIE NÉERLANDAISE),,SX,SXM,534,,
99501,1,,,,AUSTRALIE,australie,AUSTRALIE,,AU,AUS,036,133,-27
99502,1,,,,NOUVELLE-ZELANDE,nouvelle zelande,NOUVELLE-ZÉLANDE,,NZ,NZL,554,174,-41
99503,4,,99132,,PITCAIRN (ILE),pitcairn,PITCAIRN (ÎLE),,PN,PCN,612,-127.4,-24.7
99504,2,,99404,,HAWAII (ILES),hawaii,HAWAII (ÎLES),,,,,,
99505,4,,99404,,TERR. DES ETATS-UNIS D'AMERIQUE EN OCEANIE,terr etats unis amerique oceanie,TERR. DES ÉTATS-UNIS D'AMÉRIQUE EN OCÉANIE,,,,,,
99506,1,99505,,1962,SAMOA OCCIDENTALES,samoa occidentales,ÉTAT INDÉPENDANT DES SAMOA OCCIDENTALES,,WS,WSM,882,-172.3333,-13.5833
99507,1,99501,,1968,NAURU,nauru,RÉPUBLIQUE DE NAURU,,NR,NRU,520,166.9167,-0.5333
99508,1,99503,,1970,FIDJI,fidji,RÉPUBLIQUE DES FIDJI,,FJ,FJI,242,175,-18
99509,1,99503,,1970,TONGA,tonga,ROYAUME DES TONGA,,TO,TON,776,-175,-20
99510,1,99501,,1975,PAPOUASIE-NOUVELLE-GUINEE,papouasie nouvelle guinee,PAPOUASIE-NOUVELLE-GUINÉE,,PG,PNG,598,147,-6
99511,1,99503,,1978,TUVALU,tuvalu,TUVALU,ILES ELLICE,TV,TUV,798,178,-8
99512,1,99503,,1978,SALOMON (ILES),salomon,ÎLES SALOMON,ILES SALOMON DU SUD,SB,SLB,090,159,-8
99513,1,,,1979,KIRIBATI,kiribati,RÉPUBLIQUE DE KIRIBATI,ILES GILBERT,KI,KIR,296,173,1.4167
99514,1,99503,,1980,VANUATU,vanuatu,RÉPUBLIQUE DE VANUATU,NOUVELLES-HEBRIDES,VU,VUT,548,167,-16
99515,1,99505,,1991,MARSHALL (ILES),marshall,RÉPUBLIQUE DES ÎLES MARSHALL,,MH,MHL,584,168,9
99516,1,99505,,1991,MICRONESIE (ETATS FEDERES DE),micronesie,ÉTATS FÉDÉRÉS DE MICRONÉSIE,,FM,FSM,583,158.25,6.9167
99517,1,99404,,1994,PALAOS (ILES),palaos,RÉPUBLIQUE DES ÎLES PALAOS,BELAU,PW,PLW,585,134.5,7.5
XXXXX,1,,,,FRANCE,france,RÉPUBLIQUE FRANÇAISE,,FR,FRA,250,2,46
